student_id,name,gender,age,study_hours,maths,science,english,compSci,attendance,total,average,passed,grade,strongest,gender_short,study_category,age_group,score_quartile
S001,Aarav,Female,23,3.5,52.9,56.0,69.3,100.0,100.0,278.2,69.55,True,C,compSci,F,Low,22-23,Q3
S002,Aanya,Male,20,6.9,57.5,88.1,80.6,78.9,56.6,305.1,76.28,True,B,science,M,Medium,20-21,Q4
S003,Aditi,Female,21,7.7,78.7,57.8,77.7,41.6,78.2,255.8,63.95,True,C,maths,F,Medium,20-21,Q1
S004,Arjun,Female,21,6.3,69.9,63.8,71.89565217391304,72.6,87.1,278.2,69.55,True,C,compSci,F,Medium,20-21,Q3
S005,Bhavna,Female,18,12.9,57.1,78.6,61.8,60.7,83.4,258.2,64.55,True,C,science,F,High,18-19,Q1
S006,Chirag,Male,20,7.3,72.7,52.0,53.8,81.9,72.5,260.4,65.1,True,C,compSci,M,Medium,20-21,Q1
S007,Deepa,Female,22,6.4,66.5,71.0,66.6,58.9,77.5,263.0,65.75,True,C,science,F,Medium,22-23,Q2
S008,Dhruv,Female,20,9.5,79.5,85.0,71.89565217391304,68.4,74.1,304.8,76.2,True,B,science,F,Medium,20-21,Q4
S009,Divya,Female,22,4.7,54.5,47.1,74.6,77.1,72.9,253.3,63.32,True,C,compSci,F,Low,22-23,Q1
S010,Esha,Male,18,12.6,60.1,70.4,57.1,82.1,90.2,269.7,67.42,True,C,compSci,M,High,18-19,Q2
S011,Farhan,Female,19,3.9,59.1,71.4,74.1,53.2,84.3,257.8,64.45,True,C,english,F,Low,18-19,Q1
S012,Gauri,Female,21,14.8,43.0,78.2,76.6,65.3,71.7,263.1,65.78,True,C,science,F,High,20-21,Q2
S013,Harsh,Female,18,12.3,69.4,51.9,61.4,63.4,90.8,246.1,61.53,True,C,maths,F,High,18-19,Q1
S014,Isha,Female,21,5.4,68.9,50.8,73.8,60.9,83.7,254.4,63.6,True,C,english,F,Low,20-21,Q1
S015,Jay,Male,23,3.1,65.1,74.8,72.7,94.7,89.8,307.3,76.82,True,B,compSci,M,Low,22-23,Q4
S016,Karan,Female,19,12.8,61.5,71.9,71.89565217391304,75.7,87.6,281.0,70.25,True,B,compSci,F,High,18-19,Q3
S017,Kavya,Male,19,11.5,43.8,71.3,76.3,52.3,70.1,243.7,60.92,True,C,english,M,High,18-19,Q1
S018,Kunal,Male,18,11.7,58.7,72.5,78.7,82.9,73.3,292.8,73.2,True,B,compSci,M,High,18-19,Q3
S019,Lavanya,Male,19,12.3,59.9,59.2,85.0,99.7,89.0,303.8,75.95,True,B,compSci,M,High,18-19,Q4
S020,Manav,Female,22,3.9,53.0,71.0,84.6,84.5,87.3,293.1,73.28,True,B,english,F,Low,22-23,Q3
S021,Meera,Male,19,7.3,62.6,71.8,55.5,48.7,79.7,238.6,59.65,True,C,science,M,Medium,18-19,Q1
S022,Mihir,Female,21,4.4,71.1,69.9108695652174,60.7,63.2,81.4,264.9,66.23,True,C,maths,F,Low,20-21,Q2
S023,Naina,Male,21,13.4,93.3,92.3,78.2,87.7,95.3,351.5,87.88,True,A,maths,M,High,20-21,Q4
S024,Nikhil,Male,21,10.5,67.6,74.2,78.2,70.5195652173913,72.9,290.5,72.63,True,B,english,M,High,20-21,Q3
S025,Nisha,Male,21,7.0,64.77826086956522,52.5,78.2,76.2,86.6,271.7,67.92,True,C,english,M,Medium,20-21,Q2
S026,Om,Male,22,3.8,63.9,69.9108695652174,71.89565217391304,80.8,77.6,286.5,71.63,True,B,compSci,M,Low,22-23,Q3
S027,Pooja,Male,20,6.7,36.2,55.3,78.9,57.0,77.4,227.4,56.85,True,C,english,M,Medium,20-21,Q1
S028,Pranav,Male,23,6.9,64.77826086956522,78.2,85.6,69.2,93.2,297.8,74.44,True,B,english,M,Medium,22-23,Q4
S029,Priya,Male,18,11.8,65.9,83.1,83.4,70.5195652173913,89.9,302.9,75.73,True,B,english,M,High,18-19,Q4
S030,Rahul,Male,21,10.7,100.0,57.3,79.8,70.5195652173913,89.8,307.6,76.9,True,B,maths,M,High,20-21,Q4
S031,Riya,Female,19,13.6,62.1,80.5,68.2,66.5,95.7,277.3,69.32,True,C,science,F,High,18-19,Q3
S032,Rohan,Female,21,8.7,69.5,73.4,81.1,52.5,80.3,276.5,69.12,True,C,english,F,Medium,20-21,Q2
S033,Sakshi,Male,19,4.4,64.5,78.7,62.7,92.9,88.2,298.8,74.7,True,B,compSci,M,Low,18-19,Q4
S034,Sanjay,Male,23,11.6,64.77826086956522,92.7,69.2,50.0,76.3,276.7,69.17,True,C,science,M,High,22-23,Q3
S035,Sara,Male,23,12.1,82.1,64.8,66.2,63.8,83.9,276.9,69.22,True,C,maths,M,High,22-23,Q3
S036,Shiv,Female,23,9.7,76.3,58.2,73.0,71.8,78.4,279.3,69.82,True,C,maths,F,Medium,22-23,Q3
S037,Shreya,Male,19,12.3,76.9,69.9108695652174,99.8,90.2,81.2,336.8,84.2,True,B,english,M,High,18-19,Q4
S038,Siddharth,Female,21,8.9,51.4,57.4,49.6,49.9,87.1,208.3,52.08,True,D,science,F,Medium,20-21,Q1
S039,Simran,Female,23,9.3,86.0,67.0,80.2,70.5195652173913,70.2,303.7,75.93,True,B,maths,F,Medium,22-23,Q4
S040,Sneha,Female,22,8.1,44.0,72.4,52.6,70.1,100.0,239.1,59.78,True,C,science,F,Medium,22-23,Q1
S041,Sonal,Female,19,3.3,73.8,71.6,66.3,56.3,67.9,268.0,67.0,True,C,maths,F,Low,18-19,Q2
S042,Tanvi,Female,19,4.3,97.9,78.8,85.1,76.5,65.4,338.3,84.57,True,B,maths,F,Low,18-19,Q4
S043,Tarun,Male,21,3.4,50.1,69.9108695652174,72.8,72.8,93.9,265.6,66.4,True,C,english,M,Low,20-21,Q2
S044,Uma,Male,19,10.6,64.77826086956522,86.9,59.1,61.6,89.5,272.4,68.09,True,C,science,M,High,18-19,Q2
S045,Varun,Male,19,6.8,66.5,64.6,63.4,71.0,87.5,265.5,66.38,True,C,compSci,M,Medium,18-19,Q2
S046,Vidya,Male,23,9.1,57.4,100.0,80.2,64.6,87.5,302.2,75.55,True,B,science,M,Medium,22-23,Q4
S047,Vikram,Male,21,13.9,41.7,76.1,63.2,71.6,79.9,252.6,63.15,True,C,science,M,High,20-21,Q1
S048,Visha,Female,23,6.0,66.0,56.9,74.6,79.3,69.2,276.8,69.2,True,C,compSci,F,Low,22-23,Q3
S049,Yash,Male,23,7.9,49.1,54.1,72.5,92.2,80.9,267.9,66.97,True,C,compSci,M,Medium,22-23,Q2
S050,Zara,Male,21,12.1,72.1,74.3,64.2,52.7,71.9,263.3,65.82,True,C,science,M,High,20-21,Q2
